-- populate table university
DROP TABLE IF EXISTS UNIVERSITY;

CREATE TABLE UNIVERSITY(
    UNI_ID VARCHAR2(4) NOT NULL UNIQUE PRIMARY KEY,
    NAME VARCHAR2(60) NOT NULL,
    LOCATION VARCHAR(255) NOT NULL
);

INSERT INTO UNIVERSITY(UNI_ID,NAME,LOCATION) VALUES('BUET','Bangladesh University of Engineering and Technology', 'Dhaka 1000');
INSERT INTO UNIVERSITY(UNI_ID,NAME,LOCATION) VALUES('CUET','Chittagong University of Engineering and Technology', 'Chittagong');
INSERT INTO UNIVERSITY(UNI_ID,NAME,LOCATION) VALUES('KUET','Khulna University of Engineering and Technology', 'Fulbarigate,Khulna');
INSERT INTO UNIVERSITY(UNI_ID,NAME,LOCATION) VALUES('RUET','Rajshahi University of Engineering and Technology', 'Rajshahi');

-- POPULATE table SUBJECT
DROP TABLE IF EXISTS SUBJECT;
CREATE TABLE SUBJECT(
    SUB_ID VARCHAR2(4) NOT NULL UNIQUE PRIMARY KEY,
    NAME VARCHAR2(60) NOT NULL
);

INSERT INTO SUBJECT(SUB_ID,NAME) VALUES('ARCH','Architecture');
INSERT INTO SUBJECT(SUB_ID,NAME) VALUES('BECM','Building Engineering and Construction Management');
INSERT INTO SUBJECT(SUB_ID,NAME) VALUES('BME','Biomedical Engineering');
INSERT INTO SUBJECT(SUB_ID,NAME) VALUES('CE','Civil Engineering');
INSERT INTO SUBJECT(SUB_ID,NAME) VALUES('CFPE','Chemical and Food Process Engineering');
INSERT INTO SUBJECT(SUB_ID,NAME) VALUES('CHE','Chemical Engineering');
INSERT INTO SUBJECT(SUB_ID,NAME) VALUES('CSE','Computer Science and Engineering');
INSERT INTO SUBJECT(SUB_ID,NAME) VALUES('ECE','Electrical and Computer Engineering');
INSERT INTO SUBJECT(SUB_ID,NAME) VALUES('EEE','Electrical and Electronics Engineering');
INSERT INTO SUBJECT(SUB_ID,NAME) VALUES('ESE','Energy Science and Engineering');
INSERT INTO SUBJECT(SUB_ID,NAME) VALUES('ETE','Electronics and Telecommunication Engineering');
INSERT INTO SUBJECT(SUB_ID,NAME) VALUES('GCE','Glass and Ceramic Engineering');
INSERT INTO SUBJECT(SUB_ID,NAME) VALUES('IEM','Industrial Engineering and Management');
INSERT INTO SUBJECT(SUB_ID,NAME) VALUES('IPE','Industrial and Production Engineering');
INSERT INTO SUBJECT(SUB_ID,NAME) VALUES('LE','Lather Engineering');
INSERT INTO SUBJECT(SUB_ID,NAME) VALUES('MSE','Material Science and Engineering');
INSERT INTO SUBJECT(SUB_ID,NAME) VALUES('ME','Mechanical Engineering');
INSERT INTO SUBJECT(SUB_ID,NAME) VALUES('MIE','Mechatronics and Industrial Engineering');
INSERT INTO SUBJECT(SUB_ID,NAME) VALUES('MTE','Mechatronics Engineering');
INSERT INTO SUBJECT(SUB_ID,NAME) VALUES('TE','Textile Engineering');
INSERT INTO SUBJECT(SUB_ID,NAME) VALUES('PME','Petrolium and Mining Engineering');
INSERT INTO SUBJECT(SUB_ID,NAME) VALUES('URP','Urbal and Regional Planning');
INSERT INTO SUBJECT(SUB_ID,NAME) VALUES('WRE','Water Resources Engineering');


-- Populate Table Uni-Sub
DROP TABLE IF EXISTS UNI_SUB;
CREATE TABLE UNI_SUB(
    UNI_ID VARCHAR2(4) REFERENCES UNIVERSITY(UNI_ID),
    SUB_ID VARCHAR2(4) REFERENCES SUBJECT(SUB_ID),
    CAPASITY INT,
    QUOTA_CAPASITY INT
);

INSERT INTO UNI_SUB(UNI_ID,SUB_ID,CAPASITY,QUOTA_CAPASITY) VALUES('BUET','ARCH','55','1');
INSERT INTO UNI_SUB(UNI_ID,SUB_ID,CAPASITY,QUOTA_CAPASITY) VALUES('BUET','BME','30','0');
INSERT INTO UNI_SUB(UNI_ID,SUB_ID,CAPASITY,QUOTA_CAPASITY) VALUES('BUET','CE','195','1');
INSERT INTO UNI_SUB(UNI_ID,SUB_ID,CAPASITY,QUOTA_CAPASITY) VALUES('BUET','CHE','60','1');
INSERT INTO UNI_SUB(UNI_ID,SUB_ID,CAPASITY,QUOTA_CAPASITY) VALUES('BUET','CSE','120','1');
INSERT INTO UNI_SUB(UNI_ID,SUB_ID,CAPASITY,QUOTA_CAPASITY) VALUES('BUET','EEE','195','0');
INSERT INTO UNI_SUB(UNI_ID,SUB_ID,CAPASITY,QUOTA_CAPASITY) VALUES('BUET','IPE','30','0');
INSERT INTO UNI_SUB(UNI_ID,SUB_ID,CAPASITY,QUOTA_CAPASITY) VALUES('BUET','NAME','55','0');
INSERT INTO UNI_SUB(UNI_ID,SUB_ID,CAPASITY,QUOTA_CAPASITY) VALUES('BUET','ME','180','1');
INSERT INTO UNI_SUB(UNI_ID,SUB_ID,CAPASITY,QUOTA_CAPASITY) VALUES('BUET','MME','50','0');
INSERT INTO UNI_SUB(UNI_ID,SUB_ID,CAPASITY,QUOTA_CAPASITY) VALUES('BUET','URP','30','1');
INSERT INTO UNI_SUB(UNI_ID,SUB_ID,CAPASITY,QUOTA_CAPASITY) VALUES('BUET','WRE','30','0');
INSERT INTO UNI_SUB(UNI_ID,SUB_ID,CAPASITY,QUOTA_CAPASITY) VALUES('CUET','ARCH','30','1');
INSERT INTO UNI_SUB(UNI_ID,SUB_ID,CAPASITY,QUOTA_CAPASITY) VALUES('CUET','BME','30','0');
INSERT INTO UNI_SUB(UNI_ID,SUB_ID,CAPASITY,QUOTA_CAPASITY) VALUES('CUET','CE','130','1');
INSERT INTO UNI_SUB(UNI_ID,SUB_ID,CAPASITY,QUOTA_CAPASITY) VALUES('CUET','CSE','130','1');
INSERT INTO UNI_SUB(UNI_ID,SUB_ID,CAPASITY,QUOTA_CAPASITY) VALUES('CUET','EEE','180','1');
INSERT INTO UNI_SUB(UNI_ID,SUB_ID,CAPASITY,QUOTA_CAPASITY) VALUES('CUET','ETE','60','0');
INSERT INTO UNI_SUB(UNI_ID,SUB_ID,CAPASITY,QUOTA_CAPASITY) VALUES('CUET','MSE','30','1');
INSERT INTO UNI_SUB(UNI_ID,SUB_ID,CAPASITY,QUOTA_CAPASITY) VALUES('CUET','ME','180','1');
INSERT INTO UNI_SUB(UNI_ID,SUB_ID,CAPASITY,QUOTA_CAPASITY) VALUES('CUET','MIE','30','0');
INSERT INTO UNI_SUB(UNI_ID,SUB_ID,CAPASITY,QUOTA_CAPASITY) VALUES('CUET','PME','30','0');
INSERT INTO UNI_SUB(UNI_ID,SUB_ID,CAPASITY,QUOTA_CAPASITY) VALUES('CUET','WRP','30','0');
INSERT INTO UNI_SUB(UNI_ID,SUB_ID,CAPASITY,QUOTA_CAPASITY) VALUES('CUET','WRE','30','0');
INSERT INTO UNI_SUB(UNI_ID,SUB_ID,CAPASITY,QUOTA_CAPASITY) VALUES('KUET','ARCH','40','1');
INSERT INTO UNI_SUB(UNI_ID,SUB_ID,CAPASITY,QUOTA_CAPASITY) VALUES('KUET','BECM','60','1');
INSERT INTO UNI_SUB(UNI_ID,SUB_ID,CAPASITY,QUOTA_CAPASITY) VALUES('KUET','BME','30','0');
INSERT INTO UNI_SUB(UNI_ID,SUB_ID,CAPASITY,QUOTA_CAPASITY) VALUES('KUET','CHE','30','0');
INSERT INTO UNI_SUB(UNI_ID,SUB_ID,CAPASITY,QUOTA_CAPASITY) VALUES('KUET','CE','120','1');
INSERT INTO UNI_SUB(UNI_ID,SUB_ID,CAPASITY,QUOTA_CAPASITY) VALUES('KUET','CSE','120','1');
INSERT INTO UNI_SUB(UNI_ID,SUB_ID,CAPASITY,QUOTA_CAPASITY) VALUES('KUET','EEE','120','1');
INSERT INTO UNI_SUB(UNI_ID,SUB_ID,CAPASITY,QUOTA_CAPASITY) VALUES('KUET','ECE','60','0');
INSERT INTO UNI_SUB(UNI_ID,SUB_ID,CAPASITY,QUOTA_CAPASITY) VALUES('KUET','ESE','30','1');
INSERT INTO UNI_SUB(UNI_ID,SUB_ID,CAPASITY,QUOTA_CAPASITY) VALUES('KUET','IEM','60','0');
INSERT INTO UNI_SUB(UNI_ID,SUB_ID,CAPASITY,QUOTA_CAPASITY) VALUES('KUET','LE','60','0');
INSERT INTO UNI_SUB(UNI_ID,SUB_ID,CAPASITY,QUOTA_CAPASITY) VALUES('KUET','MSE','60','0');
INSERT INTO UNI_SUB(UNI_ID,SUB_ID,CAPASITY,QUOTA_CAPASITY) VALUES('KUET','ME','120','1');
INSERT INTO UNI_SUB(UNI_ID,SUB_ID,CAPASITY,QUOTA_CAPASITY) VALUES('KUET','MTE','30','0');
INSERT INTO UNI_SUB(UNI_ID,SUB_ID,CAPASITY,QUOTA_CAPASITY) VALUES('KUET','TE','60','0');
INSERT INTO UNI_SUB(UNI_ID,SUB_ID,CAPASITY,QUOTA_CAPASITY) VALUES('KUET','URP','60','1');
INSERT INTO UNI_SUB(UNI_ID,SUB_ID,CAPASITY,QUOTA_CAPASITY) VALUES('RUET','ARCH','30','1');
INSERT INTO UNI_SUB(UNI_ID,SUB_ID,CAPASITY,QUOTA_CAPASITY) VALUES('RUET','BECM','30','0');
INSERT INTO UNI_SUB(UNI_ID,SUB_ID,CAPASITY,QUOTA_CAPASITY) VALUES('RUET','CFPE','30','0');
INSERT INTO UNI_SUB(UNI_ID,SUB_ID,CAPASITY,QUOTA_CAPASITY) VALUES('RUET','CE','180','1');
INSERT INTO UNI_SUB(UNI_ID,SUB_ID,CAPASITY,QUOTA_CAPASITY) VALUES('RUET','CSE','180','0');
INSERT INTO UNI_SUB(UNI_ID,SUB_ID,CAPASITY,QUOTA_CAPASITY) VALUES('RUET','EEE','180','1');
INSERT INTO UNI_SUB(UNI_ID,SUB_ID,CAPASITY,QUOTA_CAPASITY) VALUES('RUET','ECE','60','0');
INSERT INTO UNI_SUB(UNI_ID,SUB_ID,CAPASITY,QUOTA_CAPASITY) VALUES('RUET','ETE','60','0');
INSERT INTO UNI_SUB(UNI_ID,SUB_ID,CAPASITY,QUOTA_CAPASITY) VALUES('RUET','GCE','60','0');
INSERT INTO UNI_SUB(UNI_ID,SUB_ID,CAPASITY,QUOTA_CAPASITY) VALUES('RUET','IPE','60','1');
INSERT INTO UNI_SUB(UNI_ID,SUB_ID,CAPASITY,QUOTA_CAPASITY) VALUES('RUET','ME','180','1');
INSERT INTO UNI_SUB(UNI_ID,SUB_ID,CAPASITY,QUOTA_CAPASITY) VALUES('RUET','MSE','60','0');
INSERT INTO UNI_SUB(UNI_ID,SUB_ID,CAPASITY,QUOTA_CAPASITY) VALUES('RUET','MTE','60','1');
INSERT INTO UNI_SUB(UNI_ID,SUB_ID,CAPASITY,QUOTA_CAPASITY) VALUES('RUET','URP','60','1');


-- Subject lists and seats in BUET
SELECT S.NAME, US.CAPASITY, US.QUOTA_CAPASITY
FROM UNI_SUB US JOIN SUBJECT S ON US.SUB_ID = S.SUB_ID 
WHERE US.UNI_ID = 'BUET';
